{
  "hidden_dim": 128,
  "num_layers": 4,
  "dropout": 0.4400823931472913,
  "lr": 0.00985865921942534,
  "weight_decay": 5.252579365634487e-06,
  "aggr": "mean"
}