{
  "hidden_dim": 256,
  "num_layers": 4,
  "dropout": 0.5101465992181654,
  "lr": 0.006954899384139128,
  "weight_decay": 5.694177658175653e-06
}