{
  "hidden_dim": 256,
  "num_layers": 2,
  "dropout": 0.2257743798011842,
  "lr": 0.00026703406763639955,
  "weight_decay": 0.00022073586476372385,
  "aggr": "mean"
}