{
  "hidden_dim": 128,
  "num_layers": 2,
  "dropout": 0.5975347811796494,
  "lr": 0.009720432081137202,
  "weight_decay": 1.0021679114678564e-06
}