{
  "dataset": "Cora",
  "split_seed": 42,
  "n_episodes": 20,
  "baseline_macro_f1": 0.866294690426023,
  "baseline_minority_f1": 0.8108108108108109,
  "best_macro_f1": 0.872721295299707,
  "delta_macro_f1": 0.006426604873683961,
  "episode_rewards": [
    0.058889443831281654,
    -0.013409953833990192,
    0.0,
    0.0,
    0.0,
    0.021247654489445145,
    -0.0060823692065298165,
    0.007592143228558044,
    0.009860711697439843,
    0.04739342156952993,
    0.0704611786669255,
    0.0,
    -0.08665875641379503,
    0.0,
    0.0,
    -0.09604140545139221,
    0.00926386651173346,
    0.0,
    -0.05650519154092843,
    -0.05650519154092843
  ],
  "episode_macro_f1s": [
    0.8684937343768377,
    0.8604077551656836,
    0.866294690426023,
    0.866294690426023,
    0.866294690426023,
    0.8719484632572746,
    0.8621485628142099,
    0.8670547212416143,
    0.8687966591753497,
    0.8695032597894433,
    0.8704619922290128,
    0.866294690426023,
    0.8693664624951428,
    0.866294690426023,
    0.866294690426023,
    0.8604077551656836,
    0.872721295299707,
    0.866294690426023,
    0.8653338635400678,
    0.8653338635400678
  ],
  "args": {
    "dataset": "Cora",
    "split_seed": 42,
    "n_episodes": 20,
    "max_steps": 50,
    "reward_every": 5,
    "gamma_reward": 0.5,
    "knn_k": 10,
    "lr_policy": 0.0003,
    "lr_value": 0.001,
    "clip_eps": 0.2,
    "entropy_coef": 0.01,
    "n_policy_epochs": 4,
    "n_aux_epochs": 6,
    "aux_every": 32,
    "smoke_test": true,
    "seed": 42,
    "wandb": false
  }
}