model,dataset,n_splits,val_acc_mean,val_acc_ci,test_acc_mean,test_acc_ci,test_f1_mean,test_f1_ci
GraphSAGE,CiteSeer,10,0.7648484848484849,0.013717657987109198,0.7605105105105106,0.00868561397988759,0.7143543798577439,0.015401205532691834
MLP,CiteSeer,10,0.7406060606060606,0.015504409737173668,0.728078078078078,0.007669840262047782,0.6818533652491114,0.00869119717404716
