{
  "hidden_dim": 64,
  "num_layers": 3,
  "dropout": 0.5904931378773419,
  "lr": 0.009818247569037455,
  "weight_decay": 1.4619904006727745e-05,
  "aggr": "mean"
}