{
  "hidden_dim": 128,
  "num_layers": 2,
  "dropout": 0.547497002311573,
  "lr": 0.0060132995548463995,
  "weight_decay": 4.437006744476149e-06
}