{
  "hidden_dim": 256,
  "dropout": 0.23378909443123597,
  "lr": 0.0017055665593281016,
  "weight_decay": 6.004541336523536e-05,
  "num_layers": 4,
  "aggr": "mean"
}