model,dataset,n_splits,val_acc_mean,val_acc_ci,test_acc_mean,test_acc_ci,test_f1_mean,test_f1_ci
GraphSAGE,Cora,10,0.885820895522388,0.015318132614395175,0.8787822878228784,0.012629675435333072,0.8659446641526289,0.014668735471944177
MLP,Cora,10,0.7720149253731343,0.015018029393791897,0.757380073800738,0.011988102894842279,0.7322392852466427,0.015667534649768396
