{
  "dataset": "Cora",
  "split_seed": 42,
  "n_episodes": 20,
  "beta": 1.0,
  "baseline_macro_f1": 0.866294690426023,
  "baseline_homophily": 0.8099659085273743,
  "best_macro_f1": 0.8807491905462108,
  "delta_macro_f1": 0.014454500120187785,
  "episode_rewards": [
    -0.07602854672149076,
    -21.088720237356938,
    -22.993470970285173,
    -30.738468704045346,
    -26.889200020850193,
    34.24614757702141,
    -14.602970621133395,
    -19.638285122392695,
    -28.549924084776542,
    -50.68729514241966,
    -13.220480068920985,
    -38.726296328186805,
    -30.555628438971688,
    -7.879143056912686,
    -2.101583205296542,
    -3.0011206481619968,
    -8.665980994157817,
    0.7497922226126961,
    -25.696314685862898,
    -7.4442197966199135
  ],
  "episode_macro_f1s": [
    0.8722609158490497,
    0.869611608699905,
    0.8668298543191254,
    0.871523866253985,
    0.8653338635400678,
    0.8807491905462108,
    0.8640984783570645,
    0.8659674472463916,
    0.8740760145233336,
    0.8522233934657816,
    0.8755428577433245,
    0.8574569839686755,
    0.8549297007963534,
    0.8752777196990256,
    0.8748467969983781,
    0.8769883629138002,
    0.8706359995362553,
    0.8658279163051649,
    0.8629097239150102,
    0.8730268345401347
  ],
  "episode_homophilys": [
    0.805304765701294,
    0.8054196238517761,
    0.8056596517562866,
    0.8056390881538391,
    0.8063910007476807,
    0.8065425753593445,
    0.8068459630012512,
    0.8057905435562134,
    0.8063300848007202,
    0.8048093318939209,
    0.8066942691802979,
    0.8063665628433228,
    0.8062088489532471,
    0.8065062165260315,
    0.8068096041679382,
    0.8055660128593445,
    0.8078010082244873,
    0.8082373142242432,
    0.8054614067077637,
    0.8060067892074585
  ],
  "args": {
    "dataset": "Cora",
    "split_seed": 42,
    "n_episodes": 20,
    "max_steps": 100,
    "reward_every": 5,
    "beta": 1.0,
    "knn_k": 10,
    "lr": 0.0003,
    "gamma": 0.99,
    "clip_eps": 0.2,
    "vf_coef": 0.5,
    "entropy_coef": 0.05,
    "n_epochs": 4,
    "smoke_test": true,
    "seed": 42,
    "wandb": false
  }
}