model,dataset,n_splits,val_acc_mean,val_acc_ci,test_acc_mean,test_acc_ci,test_f1_mean,test_f1_ci
GraphSAGE,PubMed,10,0.8898021308980212,0.004609336079563931,0.8863083164300203,0.002896004151791978,0.8836579877534879,0.003005989261517398
MLP,PubMed,10,0.8809741248097414,0.006054339111324243,0.8757606490872212,0.0032378310732642363,0.8742632364248589,0.0035276924229582845
