{
  "dataset": "Cora",
  "split_seed": 42,
  "n_episodes": 20,
  "beta": 0.5,
  "baseline_macro_f1": 0.866294690426023,
  "baseline_homophily": 0.8099659085273743,
  "best_macro_f1": 0.8736758105411282,
  "delta_macro_f1": 0.007381120115105166,
  "episode_rewards": [
    0.041090325990840434,
    -0.003921283721313732,
    0.007281211271927593,
    0.01219944555190493,
    -0.003568560792308369,
    0.02039446028931522,
    -0.005544126126223101,
    -0.008337262566686683,
    -0.0051118288916725515,
    0.01425223100470919,
    0.0024800400311309114,
    0.037956853458331975,
    0.019937921527968347,
    0.019312445461647676,
    -0.002043065885684366,
    -0.004523852664841622,
    0.009437957638860465,
    -0.00042036320475984383,
    0.011042301784943939,
    -0.001350167481503123
  ],
  "episode_macro_f1s": [
    0.8684937343768377,
    0.866294690426023,
    0.8688977063143667,
    0.8704073213939031,
    0.866294690426023,
    0.8728026384917927,
    0.866294690426023,
    0.8648871857456303,
    0.866294690426023,
    0.8687966591753497,
    0.8689142035722546,
    0.8736758105411282,
    0.8719115522360958,
    0.8699748588003295,
    0.8649892290045227,
    0.866294690426023,
    0.8699317726671663,
    0.8693233689825923,
    0.866294690426023,
    0.866294690426023
  ],
  "episode_homophilys": [
    0.8085708618164062,
    0.8073515295982361,
    0.8076197504997253,
    0.8072788715362549,
    0.8072221279144287,
    0.8072425723075867,
    0.8070539236068726,
    0.8089399933815002,
    0.8072788715362549,
    0.808651328086853,
    0.808462381362915,
    0.8078372478485107,
    0.8082010746002197,
    0.8084985613822937,
    0.8086874485015869,
    0.8071630597114563,
    0.8077358603477478,
    0.8079607486724854,
    0.807590663433075,
    0.8082010746002197
  ],
  "args": {
    "dataset": "Cora",
    "split_seed": 42,
    "n_episodes": 20,
    "max_steps": 50,
    "reward_every": 5,
    "beta": 0.5,
    "knn_k": 10,
    "lr": 0.0003,
    "gamma": 0.99,
    "clip_eps": 0.2,
    "vf_coef": 0.5,
    "entropy_coef": 0.01,
    "n_epochs": 4,
    "smoke_test": true,
    "seed": 42,
    "wandb": false
  }
}