{
  "dataset": "Cora",
  "split_seed": 42,
  "n_episodes": 20,
  "beta": 0.0,
  "baseline_macro_f1": 0.866294690426023,
  "baseline_homophily": 0.8099659085273743,
  "best_macro_f1": 0.8728026384917927,
  "delta_macro_f1": 0.006507948065769709,
  "episode_rewards": [
    0.042369173561011386,
    0.0,
    0.010122919415684932,
    0.016208623030620498,
    -0.014243916081167745,
    0.025166976142662383,
    0.0,
    -0.005210563138850019,
    0.0,
    0.016915373077329564,
    0.005833393825343026,
    0.010323975441177984,
    0.0,
    0.02146094579109977,
    0.0062921403167387905,
    0.0,
    -0.0037315288515482915,
    0.01341237237267838,
    0.0,
    0.0
  ],
  "episode_macro_f1s": [
    0.8684937343768377,
    0.866294690426023,
    0.8688977063143667,
    0.8704073213939031,
    0.859898392396849,
    0.8728026384917927,
    0.866294690426023,
    0.8648871857456303,
    0.866294690426023,
    0.8687966591753497,
    0.8689142035722546,
    0.8689142035722546,
    0.866294690426023,
    0.8699748588003295,
    0.8687267429300772,
    0.866294690426023,
    0.8629333458882079,
    0.8706794951953886,
    0.866294690426023,
    0.866294690426023
  ],
  "episode_homophilys": [
    0.8085708618164062,
    0.8073515295982361,
    0.8076197504997253,
    0.8072788715362549,
    0.8070836663246155,
    0.8069381713867188,
    0.8070539236068726,
    0.8081132173538208,
    0.8080407977104187,
    0.8093797564506531,
    0.8082373142242432,
    0.8073878884315491,
    0.8076995611190796,
    0.8090737462043762,
    0.8089123964309692,
    0.8081417083740234,
    0.8078882694244385,
    0.8081055879592896,
    0.807590663433075,
    0.8090376257896423
  ],
  "args": {
    "dataset": "Cora",
    "split_seed": 42,
    "n_episodes": 20,
    "max_steps": 50,
    "reward_every": 5,
    "beta": 0.0,
    "knn_k": 10,
    "lr": 0.0003,
    "gamma": 0.99,
    "clip_eps": 0.2,
    "vf_coef": 0.5,
    "entropy_coef": 0.01,
    "n_epochs": 4,
    "smoke_test": true,
    "seed": 42,
    "wandb": false
  }
}