knn_k,val_accuracy_mean,val_accuracy_ci,val_macro_f1_mean,val_macro_f1_ci,test_accuracy_mean,test_accuracy_ci,test_macro_f1_mean,test_macro_f1_ci
5,0.6933709449929479,0.003111751952153015,0.6959933952646761,0.003435767164286528,0.6741899081089795,0.003839955727195324,0.6779143846918493,0.003777763827870378
10,0.6992544831754988,0.005156464923791432,0.7017808117761515,0.00520378237584861,0.6788005803643398,0.003431059137452334,0.6822735383496453,0.0035614389196664685
15,0.6998186580697159,0.0036658596699766033,0.7023591993229348,0.0037276447298810293,0.6828631307431887,0.002877879106252717,0.6862088643618552,0.0028304343207423937
20,0.7009470078581503,0.002667718780363061,0.7034917378201221,0.0026504472135724165,0.6835079800096727,0.0027424230100594454,0.6868874874804415,0.0026938462788345737
30,0.6997783598629861,0.0025205355951519385,0.7021683702912112,0.002459769451212393,0.6842173142028052,0.004178266027995305,0.6874677512098528,0.004122951158979466
50,0.7021962522667742,0.0023201124761099414,0.7045898296764332,0.0024161822314523497,0.6853135579558278,0.0028449719745972488,0.6885016295241149,0.0028073192834278497
100,0.7012693935119887,0.000675960383825643,0.7034788404925796,0.0006650945548297136,0.6817024020635176,0.003820602833863595,0.6846268689704604,0.003590208370662563
